Product_id,categories,sub_categories,Product Name,Price,Image
10701,Mobiles,Apple Mobiles,iPhone 13 (128GB) - Midnight,60250.0,https://www.amazon.in/images/I/61VuVU94RnL._AC_UY218_.jpg
10702,Mobiles,Apple Mobiles,iPhone 13 (128GB) - Starlight,60250.0,https://www.amazon.in/images/I/71GLMJ7TQiL._AC_UY218_.jpg
10703,Mobiles,Apple Mobiles,iPhone SE (256 GB) - Starlight (3rd Generation),58900.0,https://www.amazon.in/images/I/61-MT8AQAPL._AC_UY218_.jpg
10704,Mobiles,Apple Mobiles,iPhone 14 Pro Max (256 GB) - Space Black,143990.0,https://www.amazon.in/images/I/610pghkO81L._AC_UY218_.jpg
10705,Mobiles,Apple Mobiles,iPhone 12 (64GB) - Purple,53999.0,https://www.amazon.in/images/I/71hIfcIPyxS._AC_UY218_.jpg
10706,Mobiles,Apple Mobiles,iPhone 14 Pro Max (512 GB) - Deep Purple,169900.0,https://www.amazon.in/images/I/71yzJoE7WlL._AC_UY218_.jpg
10707,Mobiles,Apple Mobiles,iPhone 13 (128GB) - Pink,60250.0,https://www.amazon.in/images/I/61l9ppRIiqL._AC_UY218_.jpg
10708,Mobiles,Apple Mobiles,iPhone 14 Pro Max (128 GB) - Space Black,127999.0,https://www.amazon.in/images/I/610pghkO81L._AC_UY218_.jpg
10709,Mobiles,Apple Mobiles,iPhone 12 (256GB) - Blue,68999.0,https://www.amazon.in/images/I/71ZOtNdaZCL._AC_UY218_.jpg
10710,Mobiles,Apple Mobiles,iPhone SE (256 GB) - Midnight (3rd Generation),64900.0,https://www.amazon.in/images/I/61TOWf11+jL._AC_UY218_.jpg
10711,Mobiles,Apple Mobiles,iPhone 13 Mini (512GB) - Blue,94900.0,https://www.amazon.in/images/I/71X6mnUDSzL._AC_UY218_.jpg
10712,Mobiles,Apple Mobiles,iPhone 13 (128GB) - Blue,60250.0,https://www.amazon.in/images/I/71xb2xkN5qL._AC_UY218_.jpg
10713,Mobiles,Apple Mobiles,iPhone 12 (256GB) - Purple,69900.0,https://www.amazon.in/images/I/71hIfcIPyxS._AC_UY218_.jpg
10714,Mobiles,Apple Mobiles,iPhone 14 Pro Max (128 GB) - Silver,127999.0,https://www.amazon.in/images/I/61nzPMNY8zL._AC_UY218_.jpg
10715,Mobiles,Apple Mobiles,"Samsung Galaxy Z Fold5 5G (ICY Blue, 12GB RAM, 512GB Storage)",164999.0,https://www.amazon.in/images/I/71XwXWxa6QL._AC_UY218_.jpg
10716,Mobiles,Apple Mobiles,"Samsung Galaxy M14 5G (ICY Silver, 6GB, 128GB Storage) | 50MP Triple Cam | 6000 mAh Battery | 5nm Octa-Core Processor | 12GB RAM with RAM Plus | Android 13 | Without Charger",15490.0,https://www.amazon.in/images/I/817WWpaFo1L._AC_UY218_.jpg
10717,Mobiles,Apple Mobiles,iPhone 12 (256GB) - Green,69900.0,https://www.amazon.in/images/I/71cQWYVtcBL._AC_UY218_.jpg
10718,Mobiles,Apple Mobiles,iPhone 13 (128GB) - (Product) RED,60999.0,https://www.amazon.in/images/I/71gm8v4uPBL._AC_UY218_.jpg
10719,Mobiles,Apple Mobiles,iPhone 12 (64GB) - (Product) RED,55990.0,https://www.amazon.in/images/I/71E5zB1qbIL._AC_UY218_.jpg
10720,Mobiles,Apple Mobiles,iPhone 14 Pro (128 GB) - Silver,119999.0,https://www.amazon.in/images/I/61lKQWyMdDL._AC_UY218_.jpg
10721,Mobiles,Apple Mobiles,iPhone 14 Pro (1 TB) - Silver,163990.0,https://www.amazon.in/images/I/61lKQWyMdDL._AC_UY218_.jpg
10722,Mobiles,Apple Mobiles,iPhone 14 Pro Max (1 TB) - Gold,177999.0,https://www.amazon.in/images/I/71T5NVOgbpL._AC_UY218_.jpg
10723,Mobiles,Apple Mobiles,iPhone 14 Pro (128 GB) - Space Black,119999.0,https://www.amazon.in/images/I/61XO4bORHUL._AC_UY218_.jpg
10724,Mobiles,Apple Mobiles,iPhone 14 Pro (512 GB) - Silver,149999.0,https://www.amazon.in/images/I/61lKQWyMdDL._AC_UY218_.jpg
10725,Mobiles,Apple Mobiles,iPhone 14 Pro (128 GB) - Gold,119999.0,https://www.amazon.in/images/I/71ZDY57yTQL._AC_UY218_.jpg
10726,Mobiles,Apple Mobiles,iPhone 14 Pro (1 TB) - Gold,163990.0,https://www.amazon.in/images/I/71ZDY57yTQL._AC_UY218_.jpg
10727,Speakers,boat,Stone 352,1499.0,https://www.amazon.in/images/I/61K8FS335JL._AC_UY218_.jpg
10728,Speakers,boat,Stone 620,1799.0,https://www.amazon.in/images/I/61oSoHc7VtL._AC_UY218_.jpg
10729,Speakers,boat,Stone 180 5W,899.0,https://www.amazon.in/images/I/71vI6nfLtYL._AC_UY218_.jpg
10730,Speakers,boat,Stone 650 10W,1999.0,https://www.amazon.in/images/I/71YXa2+AyNL._AC_UY218_.jpg
10731,Speakers,boat,Stone 620,1799.0,https://www.amazon.in/images/I/61oSoHc7VtL._AC_UY218_.jpg
10732,Speakers,boat,Stone 180 5W,899.0,https://www.amazon.in/images/I/71EUBuY6bIL._AC_UY218_.jpg
10733,Speakers,boat,Stone 1000 14W,2699.0,https://www.amazon.in/images/I/718DqdKu9tL._AC_UY218_.jpg
10734,Speakers,boat,Stone 650 10W,1599.0,https://www.amazon.in/images/I/71u53d+HJ-L._AC_UY218_.jpg
10735,Speakers,boat,Stone 1200 14W,2999.0,https://www.amazon.in/images/I/61vuhPqnVaL._AC_UY218_.jpg
10736,Speakers,boat,PartyPal 20 15 Watt Wireless,2999.0,https://www.amazon.in/images/I/81mSVnYiRCL._AC_UY218_.jpg
10737,Speakers,boat,"Aavante Bar Mystiq Soundbar with 100W RMS Signature Sound, 2.1 CH,Multi-Connectivity Modes,BT v5.3,Wired Subwoofer,EQ Modes,Bass & Treble Control & Remote Control(Pitch Black)",5299.0,https://www.amazon.in/images/I/71m670zYOXL._AC_UY218_.jpg
10738,Speakers,boat,"Aavante Bar 2400 5.1CH Soundbar with 180W RMS, Wired Subwoofer, 2 Rear Satellites, Signature Sound, Multi Compatibility, EQ Modes & Remote Control(Premium Black)",9999.0,https://www.amazon.in/images/I/61I4UpHQgDL._AC_UY218_.jpg
10739,Speakers,boat,Aavante Bar 610,1999.0,https://www.amazon.in/images/I/51SFh0i5HHL._AC_UY218_.jpg
10740,Speakers,boat,Stone 352,1499.0,https://www.amazon.in/images/I/61K8FS335JL._AC_UY218_.jpg
10741,Speakers,boat,Stone 620,1799.0,https://www.amazon.in/images/I/71DjjntHOEL._AC_UY218_.jpg
10742,Speakers,boat,Stone 1200 14W,3999.0,https://www.amazon.in/images/I/61CcvfVAQHL._AC_UY218_.jpg
10743,Speakers,boat,Stone 1000 14W,2299.0,https://www.amazon.in/images/I/81PF3gMBAVL._AC_UY218_.jpg
10744,Speakers,boat,Stone 1450 Portable Wireless,4499.0,https://www.amazon.in/images/I/71RWq2CjD-L._AC_UY218_.jpg
10745,Speakers,boat,Stone 352,1499.0,https://www.amazon.in/images/I/61d3zo0hm9L._AC_UY218_.jpg
10746,Speakers,boat,Stone 135 Portable Wireless,899.0,https://www.amazon.in/images/I/61BZ1cEl6oL._AC_UY218_.jpg
10747,Speakers,boat,Tribit [Upgraded Version StormBox Pro,9599.0,https://www.amazon.in/images/I/71ul4Qbcv6L._AC_UL640_QL65_.jpg
10748,Speakers,boat,AmazonBasics,1099.0,https://www.amazon.in/images/I/81Oa+WnnA4L._AC_UY218_.jpg
10749,Speakers,boat,AmazonBasics 5W,699.0,https://www.amazon.in/images/I/91oOj6CNOxL._AC_UY218_.jpg
10750,Speakers,boat,Tribit [Upgraded Version StormBox Pro,9599.0,https://www.amazon.in/images/I/71ul4Qbcv6L._AC_UL640_QL65_.jpg
10751,Cameras,canoncamera,EOS 1500D 24.1 Digital SLR,41989.0,https://www.amazon.in/images/I/914hFeTU2-L._AC_UY218_.jpg
10752,Cameras,canoncamera,EOS 200D II 24.1MP Digital SLR,59990.0,https://www.amazon.in/images/I/41J1kYfM6PL._AC_UY218_.jpg
10753,Cameras,canoncamera,M50 Mark II 15-45mm f3.5-6.3 is STM,58990.0,https://www.amazon.in/images/I/61zne3JPlQS._AC_UY218_.jpg
10754,Cameras,canoncamera,CP PLUS 4MP Wi-fi PT Home Security Smart,2499.0,https://www.amazon.in/images/I/518y9EFw9vL._AC_UL640_QL65_.jpg
10755,Cameras,canoncamera,EOS 3000D 18MP Digital SLR,33490.0,https://www.amazon.in/images/I/916GGqnsG+L._AC_UY218_.jpg
10756,Cameras,canoncamera,EOS 90D Digital SLR,121990.0,https://www.amazon.in/images/I/81QKcQmJF7L._AC_UY218_.jpg
10757,Cameras,canoncamera,Digital,71990.0,https://www.amazon.in/images/I/81LskAU5h1L._AC_UY218_.jpg
10758,Cameras,canoncamera,EOS R10 24.2MP Mirrorless Digital,115800.0,https://www.amazon.in/images/I/81GJB1O6ItL._AC_UY218_.jpg
10759,Cameras,canoncamera,PowerShot V10 Digital,37999.0,https://www.amazon.in/images/I/51rs6uJijgL._AC_UY218_.jpg
10760,Cameras,canoncamera,EOS 6D Mark II 26.2MP Digital SLR,169990.0,https://www.amazon.in/images/I/71OJD9qlQyL._AC_UY218_.jpg
10761,Cameras,canoncamera,EOS 200D II 24.1MP Digital SLR,69989.0,https://www.amazon.in/images/I/81w6OTA6l3L._AC_UY218_.jpg
10762,Cameras,canoncamera,Digital,49990.0,https://www.amazon.in/images/I/81Tib6mb8eL._AC_UY218_.jpg
10763,Cameras,canoncamera,Fujifilm X-T4 26 MP Mirrorless,138499.0,https://www.amazon.in/images/I/611N5mv+dNL._AC_UY218_.jpg
10764,Cameras,canoncamera,"FUJIFILM X-S20 (26 MP, 6.2K 30P, FHD 240P 10x Slo mo, AI Processing,IBIS System, VLOG Mode) with Free TG-BT1 Bluetooth Tripod Hand Grip",110498.0,https://www.amazon.in/images/I/81jM+om8U4L._AC_UY218_.jpg
10765,Cameras,canoncamera,EOS 1500D 24.1 Digital SLR,43888.0,https://www.amazon.in/images/I/71NrfF6nSKL._AC_UY218_.jpg
10766,Cameras,canoncamera,"EOS M6 Mark II 32.5MP + EF-M 15-45mm f/3.5-6.3 is STM Lens, 3x Optical Zoom, Black",83990.0,https://www.amazon.in/images/I/51oG29GHwQL._AC_UY218_.jpg
10767,Cameras,canoncamera,EOS R8 Full-Frame Mirrorless,142995.0,https://www.amazon.in/images/I/71sDMZ0GqKL._AC_UY218_.jpg
10768,Cameras,canoncamera,EOS 1500D 24.1 Digital SLR,43158.0,https://www.amazon.in/images/I/71rLtfx+cXL._AC_UY218_.jpg
10769,Cameras,canoncamera,EOS R10 24.2MP Mirrorless Digital,83229.0,https://www.amazon.in/images/I/81F3HiMFxdL._AC_UY218_.jpg
10770,Cameras,canoncamera,EOS R10 24.2MP Mirrorless Digital,79448.0,https://www.amazon.in/images/I/81H1twu+E2L._AC_UY218_.jpg
10771,Cameras,canoncamera,EOS R7 32.5MP Mirrorless Digital,134390.0,https://www.amazon.in/images/I/81IhXPceDGL._AC_UY218_.jpg
10772,Cameras,canoncamera,EOS 1500D 24.1 Digital SLR,43398.0,https://www.amazon.in/images/I/71rpP0g5y3L._AC_UY218_.jpg
10773,Cameras,canoncamera,Digital,75994.0,https://www.amazon.in/images/I/61vuQLaJAdL._AC_UY218_.jpg
10774,Cameras,canoncamera,Fujifilm X-T5 Mirrorless,179999.0,https://www.amazon.in/images/I/91xjXc0YtuL._AC_UY218_.jpg
10775,Cameras,canoncamera,FUJIFILM X-H2 Mirrorless,185999.0,https://www.amazon.in/images/I/71FkkXNf3+L._AC_UY218_.jpg
10776,Cameras,canoncamera,"HIFFIN E27 Studio Single Holder Umbrella Lighting Kit for Photography Umbrella White + Studio Light Stand 9 FT + Umbrella and Bulb Holder KIT Set of 2 Daylight Umbrella Continuous Lighting, Professional Lighting for Video (2 E27 LED Bulb Included)",3350.0,https://www.amazon.in/images/I/61sZh8KMtOL._AC_UL640_QL65_.jpg
10777,Laptops,dell,"Dell 14 Laptop, Intel Core i3-1115G4/8GB/512GB/14.0""(35.56cm) FHD Display, TÜV Rheinland Certified Comfortview Reduce Harmful Blue Light Emissions/Win 11+MSO'21/15 Month McAfee/Carbon Black/1.48kg",37489.0,https://www.amazon.in/images/I/61G5EPaVmXL._AC_UY218_.jpg
10778,Laptops,dell,"Dell New Inspiron 3515 Laptop, AMD Ryzen3-3250U, Windows 11 + Office'21, 8Gb Gddr4, 512Gb Ssd, 15.6 Inches (39.62Cms) Fhd Wva Ag, Carbon Black (D560793Win9B, 1.8Kgs)",34990.0,https://www.amazon.in/images/I/51DHhvYEsWL._AC_UY218_.jpg
10779,Laptops,dell,"Dell G15 5520 Gaming Laptop, Intel i5-12500H,16GB DDR5,512GB SSD,NVIDIA RTX 3050 (4GB GDDR6),15.6""(39.62cm) FHD WVA AG 120Hz 250 nits, Backlit KB Orange, Win 11 + MSO'21,Dark Shadow Grey,2.81kg",72990.0,https://www.amazon.in/images/I/51rEPuvNYFL._AC_UY218_.jpg
10780,Laptops,dell,"(Renewed) Dell Intel Core i5 6th Gen 14-Inch(35.56 cms) 1366 x 768 HD Laptop (8GB RAM/256GB SSD/Windows 10 Pro/MS Office/ Intel HD Integrated Graphics/1.5Kg,Black) Latitude E5480",20200.0,https://www.amazon.in/images/I/41aK8IIO1kL._AC_UY218_.jpg
10781,Laptops,dell,(Refurbished) Dell Latitude E5470 Intel Core i5 6th Gen.6200u Processor 14.1 Inches HD Screen Notebook C,17990.0,https://www.amazon.in/images/I/61BeBTB41DL._AC_UY218_.jpg
10782,Laptops,dell,"Dell G15 5520 Gaming Laptop, Intel i5-12500H/16GB DDR5/1TB SSD/15.6"" (39.62cm) FHD WVA AG 120Hz 250 nits/NVIDIA RTX 3050, 4 GB GDDR6/Win 11 + MSO'21/15 Months McAfee/Backlit KB/Dark Shadow Grey/2.81kg",75990.0,https://www.amazon.in/images/I/51rEPuvNYFL._AC_UY218_.jpg
10783,Laptops,dell,"Dell 14 Laptop, Intel i5-1135G7/8GB/512GB SSD/14.0""(35.56cm) FHD Display + TUV Rheinland Certified Comfort View to Reduce Harmful Blue Light Emissions/Windows11+MSO'21/15 Month McAfee/Black/1.48kg",46490.0,https://www.amazon.in/images/I/51hEf-tkHrL._AC_UY218_.jpg
10784,Laptops,dell,"Dell 15 Laptop, Intel Core i5-1135G7/8GB/1TB+256GB SSD/15.6""(39.62cm)FHD, TUV Rheinland Certified Comfortview Reduce Harmful Blue Light/Backlit KB + FPR/Windows 11+MSO'21/15 Month McAfee/Black/1.69kg",49490.0,https://www.amazon.in/images/I/614aMDyKJXL._AC_UY218_.jpg
10785,Laptops,dell,"Dell Inspiron 7420 2in1 Touch Laptop,12th Gen Intel Core i3-1215U, 8GB/256GB SSD/14.0"" (35.56Cms) FHD+ WVA 250 nits/Backlit KB + FPR/Windows 11 + MSO'21/15 Month McAfee/Platinum Silver/1.57KG",50990.0,https://www.amazon.in/images/I/51ZmQLDGVOL._AC_UY218_.jpg
10786,Laptops,dell,"Dell 14 Laptop, Intel 12th Gen Core i3-1215U/8GB & 512GB SSD/14.0"" (35.56cm) FHD, TUV Rheinland Certified Comfortview Reduce Harmful Blue Light Emissions/ Windows11+MSO'21/15 Month McAfee/Black/1.48kg",40989.0,https://www.amazon.in/images/I/61G5EPaVmXL._AC_UY218_.jpg
10787,Laptops,dell,"Dell Inspiron 5430 13th Gen Laptop, Intel i5-1335U/16GB/1TB SSD/14.0"" (35.56CMs) FHD+ WVA AG with Comfortview Support 250 nits/Backlit KB + FPR/Win 11+MSO'21/15 Month McAfee/Platinum Silver/1.59KGs",74290.0,https://www.amazon.in/images/I/81y84xvX86L._AC_UY218_.jpg
10788,Laptops,dell,"Dell Inspiron 3511 Laptop, Intel Core i3-1115G4/8GB DDR4/512GB SSD/Windows 11 + MSO'21/15.6"" (39.62cm) FHD, 3 Sided Narrow Border Design with FHD display/15 Month McAfee/Carbon Black/1.8kg",39800.0,https://www.amazon.in/images/I/51YPau0RGtL._AC_UY218_.jpg
10789,Laptops,dell,"(Renewed) Dell Latitude E7470 Intel Core i7 6th Gen 14 inches Laptop /16 GB RAM/512 GB SSD/Windows 10 Pro/MS Office/HD Display/Integrated Graphics, 1.9 kg",29590.0,https://www.amazon.in/images/I/51Ijx5QnddL._AC_UY218_.jpg
10790,Laptops,dell,"(Refurbished) Dell Latitude Laptop E7470 Intel Core I5 - 6300U Processor, 16 Gb Ram & 256 Gb Ssd, 14.1 I",23400.0,https://www.amazon.in/images/I/41Wflt09rAL._AC_UY218_.jpg
10791,Laptops,dell,"Dell 15 Laptop, Intel Core i3-1115G4, 8GB/1TB + 256GB SSD/15.6""(39.62cm) FHD, TÜV Rheinland Certified Comfortview Reduce Harmful Blue Light Emissions/Windows 11 + MSO'21/15 Month McAfee/Carbon/1.69kg",40090.0,https://www.amazon.in/images/I/51r-PhkZodL._AC_UY218_.jpg
10792,Laptops,dell,"Dell 15 (2022) Intel I3-1115G4, 8Gb/512Gb Ssd, Windows 11+Mso'21, 15.6 Inches (39.61 Cms) Fhd Display, Platinum Silver (D560656Win9S, Inspiron 3511)",40990.0,https://www.amazon.in/images/I/612whSmr1ML._AC_UY218_.jpg
10793,Laptops,hp,"HP Laptop 15s, 11th Gen Intel Core i5-1155G7, 15.6-inch (39.6 cm), FHD, 16GB DDR4, 512GB SSD, Intel Iris Xe Graphics, Backlit KB, Thin & Light (Win 11, MSO 2021, Silver, 1.69 kg), fr4001TU",52490.0,https://www.amazon.in/images/I/71A95WmWCeL._AC_UY218_.jpg
10794,Laptops,hp,"HP Laptop 15s, 11th Gen Intel Core i3-1115G4, 15.6-inch (39.6 cm), FHD, 8GB DDR4, 512GB SSD, Intel UHD Graphics, Thin & Light, Dual Speakers (Win 11, MSO 2021, Silver, 1.69 kg), fq2717TU",37990.0,https://www.amazon.in/images/I/81Bj64Gw6kL._AC_UY218_.jpg
10795,Laptops,hp,"HP 14s, 11th Gen Intel Core i3-1115G4, 8GB RAM/256GB SSD 14-inch(35.6 cm) Micro-Edge, Anti-Glare, FHD Laptop/Alexa Built-in/Win 11/Intel UHD Graphics/Dual Speakers/MSO 2021/1.41 Kg, 14s-dy2507TU",35990.0,https://www.amazon.in/images/I/8154W2l-OOL._AC_UY218_.jpg
10796,Laptops,hp,"HP 255 G8 Laptop with AMD Athlon Silver 3050U APU/ 4GB Ram/ 256GB SSD/Windows 11/AMD Radeon Vega 8 Mobile Graphics/39.6 cm HD (1366 x 768), SVA, Anti-Glare WLED/Black/1 Year Onsite Warranty",23990.0,https://www.amazon.in/images/I/81GtQFQq-LL._AC_UY218_.jpg
10797,Laptops,hp,"HP Laptop 15s, 11th Gen Intel Core i3-1115G4, 15.6-inch (39.6 cm), FHD, 8GB DDR4, 512GB SSD, Intel UHD Graphics, Thin & Light, Dual Speakers (Win 11, MSO 2021, Silver, 1.69 kg), fq2673TU",39990.0,https://www.amazon.in/images/I/71Dp4q8PbiL._AC_UY218_.jpg
10798,Laptops,hp,"HP Laptop 15s, 12th Gen Intel Core i5-1235U, 15.6-inch (39.6 cm), FHD, 8GB DDR4, 512GB SSD, Intel Iris Xe Graphics, Backlit KB, Thin & Light (Win 11, MSO 2021, Silver, 1.69 kg), fq5111TU",56990.0,https://www.amazon.in/images/I/81H8YQzIQEL._AC_UY218_.jpg
10799,Laptops,hp,"HP Laptop 15s, 11th Gen Intel Core i5-1155G7, 15.6-inch (39.6 cm), FHD, 8GB DDR4, 512GB SSD, Intel Iris Xe Graphics, Backlit KB, Thin & Light (Win 11, MSO 2021, Silver, 1.69 kg), fr4000TU",49990.0,https://www.amazon.in/images/I/81tyW2nQTHL._AC_UY218_.jpg
10800,Laptops,hp,"HP Laptop 15s, 12th Gen Intel Core i3-1215U, 15.6-inch (39.6 cm), FHD, 8GB DDR4, 512GB SSD, Intel UHD Graphics, Backlit KB, Thin & Light, Dual Speakers (Win 11, MSO 2021, Silver, 1.69 kg), fq5007TU",40990.0,https://www.amazon.in/images/I/816z4zx1peL._AC_UY218_.jpg
10801,Laptops,hp,"HP 15 Laptop, 11th Gen i3-1115G4 15.6 inch(39.6cm) FHD Laptop, 8GB DDR4, 512GB SSD, Intel UHD Graphics, Dual Speakers (Win 11, MSO 21, 1.69Kgs) 15s-fr2515TU",37490.0,https://www.amazon.in/images/I/71F7ozYsTjL._AC_UY218_.jpg
10802,Laptops,hp,"HP Laptop 15s, Intel Celeron N4500, 15.6 inch(39.6cm) HD Laptop (8GB RAM,512GB SSD,Intel UHD Graphics,Dual Speakers,Numeric Keypad,Alexa,Win 11,MSO 21,Natural Silver,1.69 Kgs) 15s-fq3071TU",28990.0,https://www.amazon.in/images/I/81+BJrWi7SL._AC_UY218_.jpg
10803,Laptops,hp,"HP Laptop 15s, 12th Gen Intel Core i3-1215U, 15.6-inch (39.6 cm), FHD, 16GB DDR4, 512GB SSD, Intel UHD Graphics, Thin & Light, Dual Speakers (Win 11, MSO 2021, Silver, 1.69 kg), fy5004TU",44990.0,https://www.amazon.in/images/I/71Fr8rzqZTL._AC_UY218_.jpg
10804,Laptops,hp,"HP Laptop 15s, AMD Ryzen 3 5300U, 15.6-inch (39.6 cm), FHD, 8GB DDR4, 512GB SSD, AMD Radeon Graphics, Thin & Light, Dual Speakers (Win 11, MSO 2019, Silver, 1.69 kg), eq2143AU",35990.0,https://www.amazon.in/images/I/71DIJRPBPSL._AC_UY218_.jpg
10805,Laptops,hp,"HP Laptop 15s, Intel Pentium Silver N6000, 15.6-inch (39.6 cm), HD, 8GB DDR4, 512GB SSD, Intel UHD Graphics, Thin & Light, Dual Speakers (Win 11, MSO 2021, Silver, 1.65 kg), fq3073TU",31990.0,https://www.amazon.in/images/I/71JX+ppqfCL._AC_UY218_.jpg
10806,Laptops,hp,"HP Laptop 14s, AMD Ryzen 3 5300U, 14-inch (35.6 cm), FHD, 8GB DDR4, 512GB SSD, AMD Radeon Graphics, Backlit KB, Thin & Light, Dual Speakers (Win 11, MSO 2019, Silver, 1.46 kg), fq1089AU",35590.0,https://www.amazon.in/images/I/71kSLgfcR3L._AC_UY218_.jpg
10807,Laptops,hp,"HP 255 G8 Notebook PC,AMD Ryzen 3 3250U, 15.6 inch(39.6cm) Anti-Glare HD Laptop/8GB RAM/512GB SSD/Numeric Keypad/AMD Radeon Graphics/Win 11/1.74 Kgs 689T4PA",29799.0,https://www.amazon.in/images/I/71R-AObyPFL._AC_UY218_.jpg
10808,Laptops,hp,"HP Pavilion 15, AMD Ryzen 5 5625U, 15.6-inch (39.6 cm), FHD, 16GB DDR4, 512GB SSD, AMD Radeon Graphics, FPR, Backlit KB, Audio by B&O, Thin & Light (Win 11, MSO 2021, Silver, 1.75 kg), eh2047AU",56990.0,https://www.amazon.in/images/I/71451HqZOvL._AC_UY218_.jpg
10809,Laptops,lenovo,"IdeaPad Slim 3 Intel Core i3-1115G4 11th Gen 15.6"" (39.62cm) FHD",33990.0,https://www.amazon.in/images/I/41o-KkXEkSL._AC_UY218_.jpg
10810,Laptops,lenovo,"IdeaPad Slim 3 Intel Core i3 11th Gen 15.6"" (39.62cm) FHD Thin & Light",35990.0,https://www.amazon.in/images/I/51zpgm+jczL._AC_UY218_.jpg
10811,Laptops,lenovo,E41-55,18990.0,https://www.amazon.in/images/I/41lZSzQ8Q7L._AC_UY218_.jpg
10812,Laptops,lenovo,"IdeaPad Slim 3 Intel Celeron N4020 4th Gen 15.6"" (39.62cm) HD 220nits Anti-Glare (8GB/256GB SDD/Windows 11/Office 2021/2Yr Warranty/3months Game Pass/Platinum Grey/1.7Kg), 81WQ00NXIN",26990.0,https://www.amazon.in/images/I/61NAJUkUqkL._AC_UY218_.jpg
10813,Laptops,lenovo,S14 Gen 3 12th Gen Intel Core i5-1235U / 16GB DDR4 Ram/ 512 GB SSD PCIe / 14.0 FHD 3.0mm Display/Windows 11 / MS-Office/Fingerprint Lock/Backlit Keyboard / 3YR Premium Warranty,54990.0,https://www.amazon.in/images/I/51PYB2-Iy-L._AC_UY218_.jpg
10814,Laptops,lenovo,"IdeaPad Slim 3 Intel Core i3 11th Gen 14"" (35.56cm) FHD Thin & Light",35990.0,https://www.amazon.in/images/I/51RRfRzyuOL._AC_UY218_.jpg
10815,Laptops,lenovo,"IdeaPad Slim 3 Intel Core i5 12th Gen 15.6"" (39.62cm) FHD Thin & Light",53990.0,https://www.amazon.in/images/I/51Bxs7x4X3L._AC_UY218_.jpg
10816,Laptops,lenovo,"Ideapad Gaming 3 AMD Ryzen 5 5600H 15.6"" (39.62cm) FHD IPS Gaming",50990.0,https://www.amazon.in/images/I/71--IQUHVwL._AC_UY218_.jpg
10817,Laptops,lenovo,"V15 AMD Ryzen 5 5500U 15.6"" (39.62cm) FHD 250 nits Antiglare Thin and Light",35990.0,https://www.amazon.in/images/I/41D+zRXM2RL._AC_UY218_.jpg
10818,Laptops,lenovo,"Ideapad 3 AMD Ryzen 5 5500U 15.6"" (39.62cm) FHD Thin & Light",40490.0,https://www.amazon.in/images/I/51SkVQVKODL._AC_UY218_.jpg
10819,Laptops,lenovo,"IdeaPad Slim 3 Intel Core i3 12th Gen 15.6"" (39.62cm) FHD Thin & Light",38990.0,https://www.amazon.in/images/I/51TrjNqhnVL._AC_UY218_.jpg
10820,Laptops,lenovo,"V15 Intel Celeron N4500 15.6"" (39.62 cm) FHD (1920x1080) Antiglare 250 Nits Thin and Light",24490.0,https://www.amazon.in/images/I/31uLEZHhMDL._AC_UY218_.jpg
10821,Laptops,lenovo,"V15 Intel Celeron N4020 15.6"" (39.62 cm) HD 220 nits Antiglare Thin and Light",23990.0,https://www.amazon.in/images/I/51DtVc+kxSL._AC_UY218_.jpg
10822,Tvs,lgTV,108 cm (43 inches) 4K Ultra HD Smart LED,28990.0,https://www.amazon.in/images/I/91OzzQSg47L._AC_UY218_.jpg
10823,Tvs,lgTV,Redmi 80 cm (32 inches) HD Ready Smart LED Fire,10499.0,https://www.amazon.in/images/I/819Lw2PE8tL._AC_UY218_.jpg
10824,Tvs,lgTV,139 cm (55 inches) 4K Ultra HD Smart LED,41990.0,https://www.amazon.in/images/I/91OzzQSg47L._AC_UY218_.jpg
10825,Tvs,lgTV,108 cm (43 inches) 4K Ultra HD Smart LED,28990.0,https://www.amazon.in/images/I/91OzzQSg47L._AC_UY218_.jpg
10826,Tvs,lgTV,126 cm (50 inches) 4K Ultra HD Smart LED,40990.0,https://www.amazon.in/images/I/81xjXajZ3JL._AC_UY218_.jpg
10827,Tvs,lgTV,108 cm (43 inches) 4K Ultra HD Smart LED,31999.0,https://www.amazon.in/images/I/81xjXajZ3JL._AC_UY218_.jpg
10828,Tvs,lgTV,121 cm (48 inches) 4K Ultra HD Smart OLED,64999.0,https://www.amazon.in/images/I/81H5mcFf2eL._AC_UY218_.jpg
10829,Tvs,lgTV,80 cm (32 inches) HD Ready Smart LED,15990.0,https://www.amazon.in/images/I/71IBre-QupL._AC_UY218_.jpg
10830,Tvs,lgTV,139 cm (55 inches) 4K Ultra HD Smart LED,44990.0,https://www.amazon.in/images/I/81xjXajZ3JL._AC_UY218_.jpg
10831,Tvs,lgTV,108 cm (43 inches) 4K Ultra HD Smart LED,35990.0,https://www.amazon.in/images/I/913RqBlzXmL._AC_UY218_.jpg
10832,Tvs,lgTV,Xiaomi 108 cm (43 inches) X Series 4K Ultra HD Smart Android LED,25999.0,https://www.amazon.in/images/I/81UrmQEhSuL._AC_UY218_.jpg
10833,Tvs,lgTV,Acer 109 cm (43 inches) Advanced I Series 4K Ultra HD Smart LED Google,24999.0,https://www.amazon.in/images/I/61J9i9saB+L._AC_UY218_.jpg
10834,Tvs,lgTV,139 cm (55 inches) 4K Ultra HD Smart LED,47990.0,https://www.amazon.in/images/I/91TiJ9J3f+L._AC_UY218_.jpg
10835,Tvs,lgTV,81.28 cm (32 inch) WebOS AI Smart HD,16999.0,https://www.amazon.in/images/I/61iqA1El6XL._AC_UY218_.jpg
10836,Tvs,lgTV,139 cm (55 inches) 4K Ultra HD Smart NanoCell,55990.0,https://www.amazon.in/images/I/61LWRPDmN+L._AC_UY218_.jpg
10837,Tvs,lgTV,108 cm (43 inches) 4K Ultra HD Smart NanoCell,37990.0,https://www.amazon.in/images/I/61LWRPDmN+L._AC_UY218_.jpg
10838,Tvs,lgTV,139 cm (55 inches) 4K Ultra HD Smart OLED,89990.0,https://www.amazon.in/images/I/81H5mcFf2eL._AC_UY218_.jpg
10839,Tvs,lgTV,164 cm (65 inches) 4K Ultra HD Smart LED,71990.0,https://www.amazon.in/images/I/81xjXajZ3JL._AC_UY218_.jpg
10840,Tvs,lgTV,164 cm (65 inches) 4K Ultra HD Smart LED,65990.0,https://www.amazon.in/images/I/91OzzQSg47L._AC_UY218_.jpg
10841,Tvs,lgTV,Acer 109 cm (43 inches) Advanced I Series Full HD Smart LED Google,21999.0,https://www.amazon.in/images/I/517liP0ov8L._AC_UY218_.jpg
10842,Tvs,lgTV,Acer 139 cm (55 inches) V Series 4K Ultra HD Smart QLED Google,42999.0,https://www.amazon.in/images/I/61jlafY0nyL._AC_UY218_.jpg
10843,Mobiles,mi,11X Cosmic Black 6GB RAM 128GB ROM Storage 5G | SD 870 | DisplayMate A+ rated 120Hz E4 AMOLED | 48MP Sony sensor,29999.0,https://www.amazon.in/images/I/71VQXjN6R7S._AC_UY218_.jpg
10844,Mobiles,mi,"10i 5G (Midnight Black, 6GB RAM, 128GB Storage) - 108MP Quad Camera | Snapdragon 750G Processor",17960.0,https://www.amazon.in/images/I/71+KJpeI2rL._AC_UY218_.jpg
10845,Mobiles,mi,"Redmi 9i Sport (Metallic Blue, 64 GB) (4 GB RAM)",9490.0,https://www.amazon.in/images/I/51T3lL2EIeL._AC_UY218_.jpg
10846,Mobiles,mi,"Redmi 12C (Royal Blue, 4GB RAM, 64GB Storage) | High Performance Mediatek Helio G85 | Big 17cm(6.71) HD+ Display with 5000mAh(typ) Battery",8499.0,https://www.amazon.in/images/I/81itQPVn-GL._AC_UY218_.jpg
10847,Mobiles,mi,"Redmi Note 12 5G (Matte Black,8GB RAM, 256GB Storage)",20999.0,https://www.amazon.in/images/I/81ZZPvIWnYL._AC_UY218_.jpg
10848,Mobiles,mi,"Redmi Note 11T 5G (Matte Black, 6GB RAM, 128GB ROM)| Dimensity 810 5G | 33W Pro Fast Charging | Charger Included | Additional Exchange Offers",17999.0,https://www.amazon.in/images/I/7155Pasn1aL._AC_UY218_.jpg
10849,Mobiles,mi,"Redmi 10 Power (Power Black, 8GB RAM, 128GB Storage)",12499.0,https://www.amazon.in/images/I/71BiCb7N5YL._AC_UY218_.jpg
10850,Mobiles,mi,"REDMI 9i Sport (Coral Green, 64 GB) (4 GB RAM)",9490.0,https://www.amazon.in/images/I/61kcGZD4CLL._AC_UY218_.jpg
10851,Mobiles,mi,"Redmi Note 9 Pro Max (Champagne Gold, 6GB RAM, 64GB Storage) - 64MP Quad Camera & Latest 8nm Snapdragon 720G & Alexa Hands-Free",15490.0,https://www.amazon.in/images/I/71usqWEJleL._AC_UY218_.jpg
10852,Mobiles,mi,"10i 5G (Atlantic Blue, 8GB RAM, 128GB Storage)- 108MP Quad Camera | Snapdragon 750G Processor",19950.0,https://www.amazon.in/images/I/71w4n2itCNL._AC_UY218_.jpg
10853,Mobiles,mi,"Redmi A2+ (Aqua Blue, 4GB RAM, 64GB Storage) | Upto 7GB RAM | Octa Core Processor | Fingerprint Scanner | 2 Years Warranty [Limited time Offer]",7999.0,https://www.amazon.in/images/I/815V9Wrq1-L._AC_UY218_.jpg
10854,Mobiles,mi,"Redmi 9A (Nature Green, 2GB RAM, 32GB Storage) | 2GHz Octa-core Helio G25 Processor | 5000 mAh Battery",,https://www.amazon.in/images/I/71sxlhYhKWL._AC_UY218_.jpg
10855,Mobiles,mi,"Redmi 9 (Sky Blue, 4GB RAM, 64GB Storage) | 2.3GHz Mediatek Helio G35 Octa core Processor",9499.0,https://www.amazon.in/images/I/71A9Vo1BatL._AC_UY218_.jpg
10856,Mobiles,mi,"Redmi 12C (Matte Black, 4GB RAM, 64GB Storage) | High Performance Mediatek Helio G85 | Big 17cm(6.71) HD+ Display with 5000mAh(typ) Battery",8499.0,https://www.amazon.in/images/I/81guvfQzeVL._AC_UY218_.jpg
10857,Mobiles,mi,"Redmi 11 Prime (Flashy Black, 4GB RAM, 64GB Storage) | Prime Design | High Performance Helio G99 | 50 MP AI Triple Cam | 5000 mAh | 22.5W",8999.0,https://www.amazon.in/images/I/71BANx-zuWL._AC_UY218_.jpg
10858,Mobiles,mi,"Redmi 12C (Mint Green, 4GB RAM, 64GB Storage) | High Performance Mediatek Helio G85 | Big 17cm(6.71) HD+ Display with 5000mAh(typ) Battery",8499.0,https://www.amazon.in/images/I/81YEyQqHjPL._AC_UY218_.jpg
10859,Mobiles,mi,"Redmi Note 11 (Space Black, 4GB RAM, 64GB Storage)|90Hz FHD+ AMOLED Display | Qualcomm® Snapdragon™ 680-6nm | 33W Charger Included",13499.0,https://www.amazon.in/images/I/71yTvU9VgdL._AC_UY218_.jpg
10860,Mobiles,mi,"Redmi A2 (Sea Green, 2GB RAM, 32GB Storage) | Powerful Octa Core G36 Processor | Upto 7GB RAM | Large 16.5 cm HD+ Display with Massive 5000mAh Battery | 2 Years Warranty [Limited time Offer]",6499.0,https://www.amazon.in/images/I/81bh6SxXQ+L._AC_UY218_.jpg
10861,Mobiles,mi,"Redmi A2 (Classic Black, 2GB RAM, 32GB Storage) | Powerful Octa Core G36 Processor | Upto 7GB RAM | Large 16.5 cm HD+ Display with Massive 5000mAh Battery | 2 Years Warranty [Limited time Offer]",6499.0,https://www.amazon.in/images/I/810-BAwpF9L._AC_UY218_.jpg
10862,Mobiles,mi,"Redmi A2 (Aqua Blue, 2GB RAM, 32GB Storage) | Powerful Octa Core G36 Processor | Upto 7GB RAM | Large 16.5 cm HD+ Display with Massive 5000mAh Battery | 2 Years Warranty [Limited time Offer]",6499.0,https://www.amazon.in/images/I/81RR0TAz+5L._AC_UY218_.jpg
10863,Mobiles,mi,"Redmi 9A Sport (Carbon Black, 2GB RAM, 32GB Storage) | 2GHz Octa-core Helio G25 Processor | 5000 mAh Battery",7499.0,https://www.amazon.in/images/I/81T4O-rEI+L._AC_UY218_.jpg
10864,Cameras,nikoncamera,Z50 Mirrorless,90499.0,https://www.amazon.in/images/I/614kzkELwmL._AC_UY218_.jpg
10865,Cameras,nikoncamera,"Mirrorless Z7 II Body with 24-70mm Lens with Additional Battery, Optical Zoom, Black",269990.0,https://www.amazon.in/images/I/91i6EgjrAiL._AC_UY218_.jpg
10866,Cameras,nikoncamera,Digital,62999.0,https://www.amazon.in/images/I/31GlYlDlRRL._AC_UY218_.jpg
10867,Cameras,nikoncamera,Fujifilm Instax Mini Evo Hybrid,19999.0,https://www.amazon.in/images/I/61tSR9mjE+L._AC_UL640_QL65_.jpg
10868,Cameras,nikoncamera,COOLPIX B500 Digital,52357.0,https://www.amazon.in/images/I/61Tywf7uJGL._AC_UY218_.jpg
10869,Cameras,nikoncamera,D7500 20.9MP Digital SLR,86999.0,https://www.amazon.in/images/I/613pf1JTs9L._AC_UY218_.jpg
10870,Cameras,nikoncamera,"COOLPIX P1000, Black 125X Optical Zoom",76890.0,https://www.amazon.in/images/I/9196pvn2cvL._AC_UY218_.jpg
10871,Cameras,nikoncamera,Z50 Mirrorless Optical Zoom,72500.0,https://www.amazon.in/images/I/61cBZ5Z+ekL._AC_UY218_.jpg
10872,Cameras,nikoncamera,Z30 Mirrorless,54990.0,https://www.amazon.in/images/I/41a51rKRw5L._AC_UY218_.jpg
10873,Cameras,nikoncamera,Z6 II Mirrorless,176990.0,https://www.amazon.in/images/I/91rYykQZ7yL._AC_UY218_.jpg
10874,Cameras,nikoncamera,"Mirrorless Z fc Body with Z DX 16-50mm f/3.5-6.3 VR [SL] Lens with Additional Battery,",83595.0,https://www.amazon.in/images/I/71ZeOENvuYL._AC_UY218_.jpg
10875,Cameras,nikoncamera,Z 5 w/NIKKOR Z 24-200mm f/4-6.3 VR - Optical Zoom - Black,249999.0,https://www.amazon.in/images/I/91qN+9vxqpL._AC_UY218_.jpg
10876,Cameras,nikoncamera,Z50 Mirrorless,72500.0,https://www.amazon.in/images/I/51mILmbzr4L._AC_UY218_.jpg
10877,Cameras,nikoncamera,"FUJIFILM X-S20 (26 MP, 6.2K 30P, FHD 240P 10x Slo mo, AI Processing,IBIS System, VLOG Mode) with Free TG-BT1 Bluetooth Tripod Hand Grip",110498.0,https://www.amazon.in/images/I/81jM+om8U4L._AC_UY218_.jpg
10878,Cameras,nikoncamera,Fujifilm X-T4 26MP Mirrorless,166499.0,https://www.amazon.in/images/I/91Mt9Zx3+2L._AC_UY218_.jpg
10879,Cameras,nikoncamera,"Mirrorless Z fc Body with NIKKOR Z 28mm f/2.8 [SE] Lens with Additional Battery,",95239.0,https://www.amazon.in/images/I/91qUqC4Z8hL._AC_UY218_.jpg
10880,Cameras,nikoncamera,Z 7 Mirrorless Digital,386888.0,https://www.amazon.in/images/I/91s5RcaiQeL._AC_UY218_.jpg
10881,Cameras,nikoncamera,D850 45.7MP Digital SLR,245990.0,https://www.amazon.in/images/I/81WtQ64-SOL._AC_UY218_.jpg
10882,Cameras,nikoncamera,Z50 Compact Mirrorless Digital,71000.0,https://www.amazon.in/images/I/91tkHspL3ZL._AC_UY218_.jpg
10883,Cameras,nikoncamera,"D780 DSLR Body with 24-120mm VR Lens, 3X Optical Zoom, Black",189029.0,https://www.amazon.in/images/I/811PR9chKyL._AC_UY218_.jpg
10884,Cameras,nikoncamera,"Mirrorless Z6 II Body Only with Additional Battery, Optical Zoom, Black",149139.0,https://www.amazon.in/images/I/61z6uWpSIZS._AC_UY218_.jpg
10885,Cameras,nikoncamera,Z5 Body with Additional Battery Compatible with,97553.0,https://www.amazon.in/images/I/910CSfporaL._AC_UY218_.jpg
10886,Cameras,nikoncamera,Mirrorless Z fc Body Only,75953.0,https://www.amazon.in/images/I/A1jELMiEkVL._AC_UY218_.jpg
10887,Cameras,nikoncamera,FUJIFILM X-T5 Mirrorless,188999.0,https://www.amazon.in/images/I/71chEwoWU0L._AC_UY218_.jpg
10888,Cameras,nikoncamera,FUJIFILM X-H2 Mirrorless,185999.0,https://www.amazon.in/images/I/71FkkXNf3+L._AC_UY218_.jpg
10889,Cameras,nikoncamera,OCULY 100ml (Pack of 2) Spectacle Lens Cleaner with Japanese Microfiber Cloth & Mini Screwdriver | Liquid Cleaning Kit for Antiglare Glasses and Goggles| 100% Made in India | Safe & Eco-Friendly.,349.0,https://www.amazon.in/images/I/71ourUnTJ9L._AC_UL640_QL65_.jpg
10890,Mobiles,samsung,"Galaxy S23 5G (Green, 8GB, 256GB Storage)",79999.0,https://www.amazon.in/images/I/61RZDb2mQxL._AC_UY218_.jpg
10891,Mobiles,samsung,"Galaxy M34 5G (Waterfall Blue, 8GB, 128GB Storage) | 120Hz sAMOLED Display | 50MP Triple No Shake Cam | 6000 mAh Battery | 16GB RAM with RAM Plus | Android 13 | Without Charger",20999.0,https://www.amazon.in/images/I/91L9EF-OEGL._AC_UY218_.jpg
10892,Mobiles,samsung,"Galaxy M04 Dark Blue, 4GB RAM, 64GB Storage | Upto 8GB RAM with RAM Plus | MediaTek Helio P35 Octa-core Processor | 5000 mAh Battery | 13MP Dual Camera",8499.0,https://www.amazon.in/images/I/81t6Av5DvXL._AC_UY218_.jpg
10893,Mobiles,samsung,"Galaxy M13 (Midnight Blue, 4GB, 64GB Storage) | 6000mAh Battery | Upto 8GB RAM with RAM Plus",10999.0,https://www.amazon.in/images/I/812YsUxpyfL._AC_UY218_.jpg
10894,Mobiles,samsung,"Spigen 5in1 10000mAh Wireless Power Bank with USB-A Dual Charging Dock for Airpods and Smartwatches, Lithium Polymer - Black",3499.0,https://www.amazon.in/images/I/51RkHakf1zL._AC_UL640_QL65_.jpg
10895,Mobiles,samsung,"Galaxy M14 5G (Smoky Teal, 6GB, 128GB Storage) | 50MP Triple Cam | 6000 mAh Battery | 5nm Octa-Core Processor | 12GB RAM with RAM Plus | Android 13 | Without Charger",15490.0,https://www.amazon.in/images/I/91zMokvCNuL._AC_UY218_.jpg
10896,Mobiles,samsung,"Galaxy M14 5G (ICY Silver, 6GB, 128GB Storage) | 50MP Triple Cam | 6000 mAh Battery | 5nm Octa-Core Processor | 12GB RAM with RAM Plus | Android 13 | Without Charger",15490.0,https://www.amazon.in/images/I/817WWpaFo1L._AC_UY218_.jpg
10897,Mobiles,samsung,"Galaxy M04 Dark Blue, 4GB RAM, 128GB Storage | Upto 8GB RAM with RAM Plus | MediaTek Helio P35 Octa-core Processor | 5000 mAh Battery | 13MP Dual Camera",9499.0,https://www.amazon.in/images/I/81t6Av5DvXL._AC_UY218_.jpg
10898,Mobiles,samsung,"Galaxy M13 (Stardust Brown, 4GB, 64GB Storage) | 6000mAh Battery | Upto 8GB RAM with RAM Plus",10999.0,https://www.amazon.in/images/I/81Prc5i7hML._AC_UY218_.jpg
10899,Mobiles,samsung,"Galaxy M04 Light Green, 4GB RAM, 128GB Storage | Upto 8GB RAM with RAM Plus | MediaTek Helio P35 Octa-core Processor | 5000 mAh Battery | 13MP Dual Camera",9499.0,https://www.amazon.in/images/I/814ePfNubRL._AC_UY218_.jpg
10900,Mobiles,samsung,"Galaxy M34 5G (Midnight Blue, 8GB, 128GB Storage) | 120Hz sAMOLED Display | 50MP Triple No Shake Cam | 6000 mAh Battery | 16GB RAM with RAM Plus | Android 13 | Without Charger",20999.0,https://www.amazon.in/images/I/91fonhAtoAL._AC_UY218_.jpg
10901,Mobiles,samsung,"Galaxy M33 5G (Mystique Green, 8GB, 128GB Storage) | 6000mAh Battery | Upto 16GB RAM with RAM Plus | Without Charger",18499.0,https://www.amazon.in/images/I/81I3w4J6yjL._AC_UY218_.jpg
10902,Mobiles,samsung,"Galaxy M32 Prime Edition (Black, 6GB RAM, 128GB)",15499.0,https://www.amazon.in/images/I/81Jov18YvpL._AC_UY218_.jpg
10903,Mobiles,samsung,"Galaxy M14 5G (Berry Blue, 4GB, 128GB Storage) | 50MP Triple Cam | 6000 mAh Battery | 5nm Octa-Core Processor | Android 13 | Without Charger",14490.0,https://www.amazon.in/images/I/91HRACirFrL._AC_UY218_.jpg
10904,Mobiles,samsung,"Galaxy S23 Ultra 5G (Green, 12GB, 512GB Storage)",134999.0,https://www.amazon.in/images/I/61VfL-aiToL._AC_UY218_.jpg
10905,Mobiles,samsung,"Galaxy A34 5G (Awesome Violet, 8GB, 128GB Storage) | 48 MP No Shake Cam (OIS) | IP67 | Gorilla Glass 5 | Voice Focus | Without Charger",30999.0,https://www.amazon.in/images/I/71669TpsvKL._AC_UY218_.jpg
10906,Mobiles,samsung,"Galaxy M13 (Stardust Brown, 6GB, 128GB Storage) | 6000mAh Battery | Upto 12GB RAM with RAM Plus",11499.0,https://www.amazon.in/images/I/81Prc5i7hML._AC_UY218_.jpg
10907,Mobiles,samsung,"Galaxy M34 5G (Waterfall Blue, 6GB, 128GB Storage) | 120Hz sAMOLED Display | 50MP Triple No Shake Cam | 6000 mAh Battery | 12GB RAM with RAM Plus | Android 13 | Without Charger",18999.0,https://www.amazon.in/images/I/91L9EF-OEGL._AC_UY218_.jpg
10908,Mobiles,samsung,"Galaxy M14 5G (ICY Silver, 4GB, 128GB Storage) | 50MP Triple Cam | 6000 mAh Battery | 5nm Octa-Core Processor | Android 13 | Without Charger",14490.0,https://www.amazon.in/images/I/817WWpaFo1L._AC_UY218_.jpg
10909,Mobiles,samsung,"Galaxy A14 5G (Light Green, 6GB, 128GB Storage) | Triple Rear Camera (50 MP Main) | Upto 12 GB RAM with RAM Plus | Without Charger",17999.0,https://www.amazon.in/images/I/81AXMzLVMjL._AC_UY218_.jpg
10910,Mobiles,samsung,"Galaxy S10 Plus (Prism Blue, 8GB RAM, 128GB Storage)",37490.0,https://www.amazon.in/images/I/61fv4VZRQ7L._AC_UY218_.jpg
10911,Mobiles,samsung,"Galaxy A14 5G (Black, 6GB, 128GB Storage) | Triple Rear Camera (50 MP Main) | Upto 12 GB RAM with RAM Plus | Without Charger",17999.0,https://www.amazon.in/images/I/81eYTNOOZvL._AC_UY218_.jpg
10912,Mobiles,samsung,"Galaxy A13 Black, 6GB RAM, 128GB Storage with No Cost EMI/Additional Exchange Offers, (SM-A135FZKJINS)",15998.0,https://www.amazon.in/images/I/81H6vveSIZL._AC_UY218_.jpg
10913,Mobiles,samsung,"Galaxy A34 5G (Awesome Violet, 8GB, 256GB Storage) | 48 MP No Shake Cam (OIS) | IP67 | Gorilla Glass 5 | Voice Focus | Travel Adapter to be Purchased Separately",32999.0,https://www.amazon.in/images/I/71669TpsvKL._AC_UY218_.jpg
10914,Mobiles,samsung,"Galaxy A23 5G, Light Blue (8GB, 128GB Storage) with Offer",23999.0,https://www.amazon.in/images/I/81EtFZ6GA1L._AC_UY218_.jpg
10915,Mobiles,samsung,"Galaxy S20 FE 5G (Cloud Mint, 8GB RAM, 128GB Storage)",34999.0,https://www.amazon.in/images/I/812yohjGZ2L._AC_UY218_.jpg
10916,Mobiles,samsung,"Galaxy A04e (Copper, 4GB, 128GB Storage) | 13 MP Rear Camera| Face Unlock | Upto 8GB RAM with RAM Plus | MediaTek Helio P35 | 5000 mAh Battery",11499.0,https://www.amazon.in/images/I/81HjL17oavL._AC_UY218_.jpg
10917,Mobiles,samsung,"Spigen Essential Wireless Charger for iPhone 14/13/12/11/X.8 Series,",999.0,https://www.amazon.in/images/I/61e4Ec6tpiL._AC_UL640_QL65_.jpg
10918,Tvs,samsungTV,Redmi 80 cm (32 inches) HD Ready Smart LED Fire,10499.0,https://www.amazon.in/images/I/819Lw2PE8tL._AC_UY218_.jpg
10919,Tvs,samsungTV,Acer 139 cm (55 inches) Advanced I Series 4K Ultra HD Smart LED Google,34999.0,https://www.amazon.in/images/I/71kQUbJU9cL._AC_UY218_.jpg
10920,Tvs,samsungTV,80 cm (32 Inches) Wondertainment Series HD Ready LED Smart,12990.0,https://www.amazon.in/images/I/71a4ZQNqTiL._AC_UY218_.jpg
10921,Tvs,samsungTV,108 cm (43 inches) Crystal iSmart 4K Ultra HD Smart LED,29990.0,https://www.amazon.in/images/I/81+JXgPUDLL._AC_UY218_.jpg
10922,Tvs,samsungTV,138 cm (55 inches) Crystal iSmart 4K Ultra HD Smart LED,44990.0,https://www.amazon.in/images/I/81+JXgPUDLL._AC_UY218_.jpg
10923,Tvs,samsungTV,Fire,2799.0,https://www.amazon.in/images/I/51lX5oZbtQL._AC_UL640_QL65_.jpg
10924,Tvs,samsungTV,108 cm (43 inches) Crystal 4K Neo Series Ultra HD Smart LED,29990.0,https://www.amazon.in/images/I/71B7sRIydwL._AC_UY218_.jpg
10925,Tvs,samsungTV,138 cm (55 inches) Crystal 4K Neo Series Ultra HD Smart LED,44990.0,https://www.amazon.in/images/I/71RhIMc2TBL._AC_UY218_.jpg
10926,Tvs,samsungTV,138 cm (55 inches) Crystal 4K Series Ultra HD Smart LED,43990.0,https://www.amazon.in/images/I/61sPE6CnkVL._AC_UY218_.jpg
10927,Tvs,samsungTV,138 cm (55 inches) 4K Ultra HD Smart QLED,65990.0,https://www.amazon.in/images/I/8153wOcQNML._AC_UY218_.jpg
10928,Tvs,samsungTV,80 cm (32 inches) HD Ready Smart LED,16990.0,https://www.amazon.in/images/I/91fbQwHug5L._AC_UY218_.jpg
10929,Tvs,samsungTV,TCL 101 cm (40 inches) Bezel-Less S Series Full HD Smart Android LED,17990.0,https://www.amazon.in/images/I/71tclO9I-rL._AC_UY218_.jpg
10930,Tvs,samsungTV,Xiaomi 108 cm (43 inches) X Series 4K Ultra HD Smart Android LED,25999.0,https://www.amazon.in/images/I/81UrmQEhSuL._AC_UY218_.jpg
10931,Tvs,samsungTV,125 cm (50 inches) Crystal iSmart 4K Ultra HD Smart LED,43990.0,https://www.amazon.in/images/I/81+JXgPUDLL._AC_UY218_.jpg
10932,Tvs,samsungTV,163 cm (65 inches) Crystal iSmart 4K Ultra HD Smart LED,67990.0,https://www.amazon.in/images/I/81+JXgPUDLL._AC_UY218_.jpg
10933,Tvs,samsungTV,138 cm (55 inches) 4K Ultra HD Smart LED,64990.0,https://www.amazon.in/images/I/81pD9JuPrLL._AC_UY218_.jpg
10934,Tvs,samsungTV,108 cm (43 inches) Wondertainment Series Full HD Smart LED,28990.0,https://www.amazon.in/images/I/71VaWF2QQ4L._AC_UY218_.jpg
10935,Tvs,samsungTV,138 cm (55 inches) The Frame Series 4K Ultra HD Smart QLED,75990.0,https://www.amazon.in/images/I/81V+s2BBy3L._AC_UY218_.jpg
10936,Tvs,samsungTV,138 cm (55 inches) The Frame Series 4K Smart QLED,86700.0,https://www.amazon.in/images/I/91Fag2ehZPL._AC_UY218_.jpg
10937,Tvs,samsungTV,138 cm (55 inches) 4K Ultra HD Smart QLED,79990.0,https://www.amazon.in/images/I/81dWRDhhDbL._AC_UY218_.jpg
10938,Tvs,samsungTV,108 cm (43 inches) 4K Ultra HD Smart LED,45990.0,https://www.amazon.in/images/I/81pD9JuPrLL._AC_UY218_.jpg
10939,Tvs,samsungTV,iFFALCON 147 cm (58 inches) 4K Ultra HD Smart LED Google,30999.0,https://www.amazon.in/images/I/714OTuxxnfL._AC_UY218_.jpg
10940,Tvs,samsungTV,Acer 139 cm (55 inches) V Series 4K Ultra HD Smart QLED Google,42999.0,https://www.amazon.in/images/I/61jlafY0nyL._AC_UY218_.jpg
10941,Speakers,Skullcandy,Skullcandy Jib Wired in-Earphone with Mic (Black) (S2DUYK-343),699.0,https://www.amazon.in/images/I/61Tf7Aqx7LL._AC_UY218_.jpg
10942,Speakers,Skullcandy,Skullcandy Jib True 2 Wireless in-Ear Earbuds - Black,3298.0,https://www.amazon.in/images/I/61h5ALBhEtL._AC_UY218_.jpg
10943,Speakers,Skullcandy,Skullcandy Dime 2 in-Ear True Wireless Earbuds with Mic (Black),2699.0,https://www.amazon.in/images/I/61M8OEARTkL._AC_UY218_.jpg
10944,Speakers,Skullcandy,Skullcandy Mod True Wireless in-Ear Earbuds - Light Gray Blue,5498.0,https://www.amazon.in/images/I/51Wix6SM5IL._AC_UY218_.jpg
10945,Speakers,Skullcandy,Skullcandy Hesh EVO Over Ear True Black.,7498.0,https://www.amazon.in/images/I/7132xJGhhxL._AC_UY218_.jpg
10946,Speakers,Skullcandy,Skullcandy Jib Plus Wireless in-Earphone with Mic (Black) (S2JPW-M003),1399.0,https://www.amazon.in/images/I/61cslxK5CYL._AC_UY218_.jpg
10947,Speakers,Skullcandy,"Skullcandy Grind True Wireless in-Ear Bluetooth Earbuds Compatible with iPhone and Android Charging Case and Microphone Great for Gym,Sports,and Gaming IP55 Water Dust Resistant - Light Gray Blue",7299.0,https://www.amazon.in/images/I/61RYNMc1cFL._AC_UY218_.jpg
10948,Speakers,Skullcandy,Skullcandy Push Active Bluetooth Truly Wireless in Ear Earbuds with Mic with 44 Hours Total Battery & Ip55 Sweat and Water Resistant (True Black/Orange),7299.0,https://www.amazon.in/images/I/717CyBc08DL._AC_UY218_.jpg
10949,Speakers,Skullcandy,"Skullcandy Hesh ANC Wireless Over-Ear Headphones, Active Noise Cancelling, Wireless Charging 22 Hours Battery Life - Mob White",9999.0,https://www.amazon.in/images/I/711qmgbZ7vL._AC_UY218_.jpg
10950,Speakers,Skullcandy,Skullcandy Hesh ANC Bluetooth Wireless Over-Ear Headphones with Mic (Black),8998.0,https://www.amazon.in/images/I/81PWWZquukL._AC_UY218_.jpg
10951,Speakers,Skullcandy,Skullcandy Push Active True Wireless in Ear Earbuds with 44 Hours Total Battery & IP55 Sweat and Water Resistant (Light Gray Blue),7299.0,https://www.amazon.in/images/I/71ZkIyMZXnL._AC_UY218_.jpg
10952,Speakers,Skullcandy,Skullcandy Jib True 2 Wireless in-Ear Earbuds - Chill Gray,3298.0,https://www.amazon.in/images/I/61jOhE6u6ML._AC_UY218_.jpg
10953,Speakers,Skullcandy,Skullcandy Crusher Evo Wireless Over-Ear-Headphone with Rapid Charge Personal Sound App and Built-in Tile Finding Technology with mic (Black),15498.0,https://www.amazon.in/images/I/71I0lybSq+L._AC_UY218_.jpg
10954,Speakers,Skullcandy,Skullcandy Jib (S2DUY-L675) Wired In Ear Earphone with Mic (Green),610.0,https://www.amazon.in/images/I/618U83OySNL._AC_UY218_.jpg
10955,Speakers,Skullcandy,Skullcandy Jib Wired In-Earphone with Mic (White/Black),689.0,https://www.amazon.in/images/I/51jcPmnjEDL._AC_UY218_.jpg
10956,Earphones,Noiseearbuds,"Noise Newly Launched Buds VS106 Truly Wireless in-Ear Earbuds with 50H Playtime, Quad Mic with ENC, Instacharge(10 min=200 min),Ultra-Low Latency(up to 40ms), 10mm Driver, and BT v5.3 (Sky Blue)",1299.0,https://www.amazon.in/images/I/51AYq62pcSL._AC_UY218_.jpg
10957,Earphones,Noiseearbuds,"Noise Buds Connect Truly Wireless in Ear Earbuds with 50H Playtime, Quad Mic with ENC, Instacharge(10 min=120 min), 13mm Driver, Hyper Sync, and BT v5.2 (Carbon Black)",1499.0,https://www.amazon.in/images/I/51hr-iGexrL._AC_UY218_.jpg
10959,Earphones,Noiseearbuds,"Noise Newly Launched Buds VS104 Max Truly Wireless in-Ear Earbuds with ANC(Upto 25dB), 45H Playtime, Quad Mic with ENC, Instacharge(10 min=180 min), 13mm Driver, BT v5.3 (Silver Grey)",1799.0,https://www.amazon.in/images/I/61avh1xd+vL._AC_UY218_.jpg
10960,Earphones,Noiseearbuds,"Noise Buds Connect Truly Wireless in Ear Earbuds with 50H Playtime, Quad Mic with ENC, Instacharge(10 min=120 min), 13mm Driver, Hyper Sync, and BT v5.2 (Carbon Black)",1499.0,https://www.amazon.in/images/I/51hr-iGexrL._AC_UY218_.jpg
10961,Earphones,Noiseearbuds,"Noise Buds VS201 V3 in-Ear Truly Wireless Earbuds with 60H of Playtime, Dual Equalizer, Full Touch Control, Mic, BTv5.1 (Matte Black)",1199.0,https://www.amazon.in/images/I/61CDpUhqdwL._AC_UY218_.jpg
10962,Earphones,Noiseearbuds,"Noise Newly Launched Buds VS104 Max Truly Wireless in-Ear Earbuds with ANC(Upto 25dB), 45H Playtime, Quad Mic with ENC, Instacharge(10 min=180 min), 13mm Driver, BT v5.3 (Rose Gold)",1799.0,https://www.amazon.in/images/I/51G7gUPZ8XL._AC_UY218_.jpg
10963,Earphones,Noiseearbuds,"Noise Buds VS201 V3 in-Ear Truly Wireless Earbuds with 60H of Playtime, Dual Equalizer, Full Touch Control, Mic, BTv5.1 (Ivory White)",1199.0,https://www.amazon.in/images/I/51Xc8p1GCuL._AC_UY218_.jpg
10964,Earphones,Noiseearbuds,"OnePlus Nord Buds 2r True Wireless in Ear Earbuds with Mic, 12.4mm Drivers, Playback:Upto 38hr case,4-Mic Design, IP55 Rating [Deep Grey]. @INR 1999 with Bank Offer",2199.0,https://www.amazon.in/images/I/51oMWaW7tKL._AC_UY218_.jpg
10965,Earphones,Noiseearbuds,"Noise Buds VS104 Pro Truly Wireless Earbuds with 40H of Playtime, Quad Mic with ENC, Instacharge(10 min=150 min), 14.2mm Driver, Hyper Sync, BT v5.3 (Mint Green)",1599.0,https://www.amazon.in/images/I/51YAZhd080L._AC_UY218_.jpg
10966,Earphones,Noiseearbuds,"Noise Buds VS201 V3 in-Ear Truly Wireless Earbuds with 60H of Playtime, Dual Equalizer, Full Touch Control, Mic, BTv5.1 (Matte Black)",1199.0,https://www.amazon.in/images/I/61CDpUhqdwL._AC_UY218_.jpg
10967,Earphones,Noiseearbuds,"Noise Buds VS402 in-Ear Truly Wireless Earbuds with 50H of Playtime, Low Latency, Quad Mic with ENC, Instacharge(10 min=120 min),10mm Driver, BT v5.3, Breathing LED Lights (Neon Black)",1699.0,https://www.amazon.in/images/I/610b8Za+PtL._AC_UY218_.jpg
10968,Earphones,Noiseearbuds,"Noise Newly Launched  Buds Venus Truly Wireless in-Ear Earbuds with ANC(Upto 30dB), 40H Playtime, Quad Mic with ENC, Instacharge(10 min=120 min), Low Latency(up to 45ms),10mm Driver (Cosmic Black)",1899.0,https://www.amazon.in/images/I/51S-iOyy7iL._AC_UY218_.jpg
10969,Earphones,Noiseearbuds,"Noise Buds VS201 V3 in-Ear Truly Wireless Earbuds with 60H of Playtime, Dual Equalizer, Full Touch Control, Mic, BTv5.1 (Forest Green)",1199.0,https://www.amazon.in/images/I/616GkyW-+1L._AC_UY218_.jpg
10970,Earphones,Noiseearbuds,"Noise Newly Launched Buds VS401 in-Ear Truly Wireless Earbuds with 50H of Playtime, Low Latency(up-to 50ms), Quad Mic with ENC, Instacharge(10 min=200 min),10mm Driver, BT v5.3(Jet Black)",1399.0,https://www.amazon.in/images/I/51ReAqfSbsL._AC_UY218_.jpg
10971,Earphones,Noiseearbuds,"boAt Airdopes Atom 81 True Wireless Earbuds with Upto 50H Playtime, Quad Mics ENx™ Tech, 13MM Drivers,Super Low Latency(50ms), ASAP™ Charge, BT v5.3(Aero Blue)",1199.0,https://www.amazon.in/images/I/61UNx5wEJpL._AC_UY218_.jpg
10972,Earphones,Noiseearbuds,"Noise Newly Launched Buds VS104 Max Truly Wireless in-Ear Earbuds with ANC(Upto 25dB), 45H Playtime, Quad Mic with ENC, Instacharge(10 min=180 min), 13mm Driver, BT v5.3 (Jet Black)",1799.0,https://www.amazon.in/images/I/51er9Ld6CtL._AC_UY218_.jpg
10973,Earphones,Noiseearbuds,"Noise Beads Bluetooth Truly Wireless in Ear Earbuds with Mic, 18 Hours of Playtime, Metallic Finish, Hypersync, Full Touch Controls, IPX5 (Pearl White)",1299.0,https://www.amazon.in/images/I/519RmyOn+PL._AC_UY218_.jpg
10974,Earphones,Noiseearbuds,"Noise Buds Connect Truly Wireless in Ear Earbuds with 50H Playtime, Quad Mic with ENC, Instacharge(10 min=120 min), 13mm Driver, Hyper Sync, and BT v5.2 (Ivory White)",1499.0,https://www.amazon.in/images/I/51pGNUleD0L._AC_UY218_.jpg
10975,Earphones,Noiseearbuds,"Noise Buds Smart Truly Wireless in Ear Earbuds with 18H Playtime,10mm Driver, Full Touch Control, Hyper Sync, and BT v5.0 (Pearl White)",1299.0,https://www.amazon.in/images/I/41NM+K6d4sL._AC_UY218_.jpg
10976,Earphones,Noiseearbuds,"Noise Newly Launched Buds VS104 Max Truly Wireless in-Ear Earbuds with ANC(Upto 25dB), 45H Playtime, Quad Mic with ENC, Instacharge(10 min=180 min), 13mm Driver, BT v5.3 (Silver Grey)",1799.0,https://www.amazon.in/images/I/61avh1xd+vL._AC_UY218_.jpg
10977,Earphones,Noiseearbuds,"Noise Buds VS104 Pro Truly Wireless Earbuds with 40H of Playtime, Quad Mic with ENC, Instacharge(10 min=150 min), 14.2mm Driver, Hyper Sync, BT v5.3 (Jet Black)",1599.0,https://www.amazon.in/images/I/31CzC1KxSsL._AC_UY218_.jpg
10978,Earphones,Realmebuds,"realme TechLife Buds T100 Bluetooth Truly Wireless in Ear Earbuds with mic, AI ENC for Calls, Google Fast Pair, 28 Hours Total Playback with Fast Charging and Low Latency Gaming Mode (Black)",1399.0,https://www.amazon.in/images/I/61UW9gEiOSL._AC_UY218_.jpg
10979,Earphones,Realmebuds,"realme TechLife Buds T100 Bluetooth Truly Wireless in Ear Earbuds with mic, AI ENC for Calls, Google Fast Pair, 28 Hours Total Playback with Fast Charging and Low Latency Gaming Mode (Blue)",1499.0,https://www.amazon.in/images/I/61UW9gEiOSL._AC_UY218_.jpg
10980,Earphones,Realmebuds,"realme Buds Air 3 True Wireless in-Ear Earbuds with 42dB Active Noise Cancellation (ANC), Dual Device Pairing and 30 hrs Playtime with Fast Charging (Galaxy White)",3999.0,https://www.amazon.in/images/I/61UW9gEiOSL._AC_UY218_.jpg
10981,Earphones,Realmebuds,"realme Buds Air 3 True Wireless in-Ear Earbuds with 42dB Active Noise Cancellation (ANC), Dual Device Pairing and 30 hrs Playtime with Fast Charging (Starry Blue)",3799.0,https://www.amazon.in/images/I/61UW9gEiOSL._AC_UY218_.jpg
10982,Earphones,Realmebuds,"realme Buds Air 3 Neo True Wireless in-Ear Earbuds with Mic, 30 hrs Playtime with Fast Charging and Dolby Atmos Support (Starry Blue)",1999.0,https://www.amazon.in/images/I/61UW9gEiOSL._AC_UY218_.jpg
10983,Earphones,Realmebuds,"realme Buds Air 2 True Wireless in Ear Earbuds with Active Noise Cancellation (ANC), Super Low Latency Gaming Mode, Smart Wear Detection, Fast Charging & Up to 25Hrs Playtime (Closer Green)",3299.0,https://www.amazon.in/images/I/61UW9gEiOSL._AC_UY218_.jpg
10984,Earphones,Realmebuds,"realme Buds Air 3S Bluetooth Truly Wireless in Ear Earbuds, 11mm Triple Titanium Driver, with Mic AI ENC for Calls, Dual Device Pairing, 30hrs Total Playback with Fast Charging (Bass Black)",2499.0,https://www.amazon.in/images/I/61UW9gEiOSL._AC_UY218_.jpg
10985,Earphones,Realmebuds,"realme Buds Wireless 2S-Green,in-Ear",1499.0,https://www.amazon.in/images/I/61UW9gEiOSL._AC_UY218_.jpg
10986,Earphones,Realmebuds,"realme Buds Wireless 3 in-Ear Bluetooth Headphones,30dB ANC, Spatial Audio,13.6mm Dynamic Bass Driver,Upto 40 Hours Playback, Fast Charging, 45ms Low Latency for Gaming,Dual Device Connection (Black)",1900.0,https://www.amazon.in/images/I/61UW9gEiOSL._AC_UY218_.jpg
10987,Earphones,Realmebuds,"realme Buds Wireless 3 in-Ear Bluetooth Headphones,30dB ANC, Spatial Audio,13.6mm Dynamic Bass Driver,Upto 40 Hours Playback, Fast Charging, 45ms Low Latency for Gaming,Dual Device Connection (White)",1799.0,https://www.amazon.in/images/I/61UW9gEiOSL._AC_UY218_.jpg
10988,Earphones,Realmebuds,"realme Buds Wireless 2 Neo Bluetooth in Ear Earphones with Mic, Fast Charging & Up to 17Hrs Playtime (Black)",1299.0,https://www.amazon.in/images/I/61UW9gEiOSL._AC_UY218_.jpg
10989,Earphones,Realmebuds,"realme Buds Wireless 2 Neo Bluetooth in Ear Earphones with Mic, Fast Charging & Up to 17Hrs Playtime (Blue)",1299.0,https://www.amazon.in/images/I/61UW9gEiOSL._AC_UY218_.jpg
10990,Earphones,Realmebuds,realme Buds 2 Wired in Ear Earphones with Mic (Green),599.0,https://www.amazon.in/images/I/61UW9gEiOSL._AC_UY218_.jpg
10991,Earphones,Realmebuds,"realme Buds Wireless 2S in Ear Earphone with mic, Dual Device Switching & Type C Fast Charge & Up to 24Hrs Playtime, Bluetooth Headset Neckband (Black)",1499.0,https://www.amazon.in/images/I/61UW9gEiOSL._AC_UY218_.jpg
10992,Earphones,Realmebuds,"realme Buds Air 3S True Wireless in Ear Earbuds, 11mm Triple Titanium Driver, Quad Mic AI ENC for Calls, Dual Device Pairing, 30hrs Total Playback with Fast Charging (Bass White)",2499.0,https://www.amazon.in/images/I/61UW9gEiOSL._AC_UY218_.jpg
10993,Earphones,Realmebuds,realme Buds Classic Wired in Ear Earphones with Mic (Black),398.0,https://www.amazon.in/images/I/61JS7lF2aqL._AC_UY218_.jpg
10994,Mobiles,IQ Mobiles,"iQOO Neo 7 5G (Frost Blue, 12GB RAM, 256GB Storage) | Dimensity 8200, only 4nm Processor in The Segment | 50% Charge in 10 mins | Motion Control & 90 FPS Gaming",31999.0,https://www.amazon.in/images/I/61IiuWQcVjL._AC_UY218_.jpg
10995,Mobiles,IQ Mobiles,"iQOO Neo 7 5G (Interstellar Black, 12GB RAM, 256GB Storage) | Dimensity 8200, only 4nm Processor in The Segment| 50% Charge in 10 mins| Motion Control & 90 FPS Gaming",31999.0,https://www.amazon.in/images/I/61VbKHdE0rL._AC_UY218_.jpg
10996,Mobiles,IQ Mobiles,"iQOO Z6 Lite 5G (Stellar Green, 6GB RAM, 128GB Storage) with Charger | World's First Snapdragon 4 Gen 1 | Best in-Segment 120Hz Refresh Rate | Travel Adaptor Included in The Box",14499.0,https://www.amazon.in/images/I/71k3gOik46L._AC_UY218_.jpg
10997,Mobiles,IQ Mobiles,"iQOO Z7s 5G by vivo (Norway Blue, 8GB RAM, 128GB Storage) | Ultra Bright AMOLED Display | Snapdragon 695 5G 6nm Processor | 64 MP OIS Ultra Stable Camera | 44WFlashCharge",19999.0,https://www.amazon.in/images/I/61Aj6UW+yuL._AC_UY218_.jpg
10998,Mobiles,IQ Mobiles,"iQOO Z6 Pro 5G by vivo (Phantom Dusk, 6GB RAM, 128GB Storage) | Snapdragon 778G 5G | 66W FlashCharge | 1300 nits Peak Brightness | HDR10+",23999.0,https://www.amazon.in/images/I/71k3gOik46L._AC_UY218_.jpg
10999,Mobiles,IQ Mobiles,"iQOO Z7s 5G by vivo (Norway Blue, 6GB RAM, 128GB Storage) | Ultra Bright AMOLED Display | Snapdragon 695 5G 6nm Processor | 64 MP OIS Ultra Stable Camera | 44WFlashCharge",18989.0,https://www.amazon.in/images/I/712pLRfzDYL._AC_UY218_.jpg
11000,Mobiles,IQ Mobiles,"iQOO Neo 7 Pro 5G (Fearless Flame, 12GB RAM, 256GB Storage) | Snapdragon® 8+ Gen 1 | Independent Gaming Chip | Flagship 50MP OIS Camera | Premium Leather Design",37999.0,https://www.amazon.in/images/I/618gFHEnXUL._AC_UY218_.jpg
11001,Mobiles,IQ Mobiles,"iQOO 9 SE 5G (Space Fusion, 12GB RAM, 256GB Storage) | Qualcomm Snapdragon 888 | 66W Flash Charge",37990.0,https://www.amazon.in/images/I/611rQWZa5rL._AC_UY218_.jpg
11002,Mobiles,IQ Mobiles,"iQOO Neo 7 Pro 5G (Dark Storm, 8GB RAM, 128GB Storage) | Snapdragon® 8+ Gen 1 | Independent Gaming Chip | Flagship 50MP OIS Camera | AG Glass Design",34999.0,https://www.amazon.in/images/I/712pLRfzDYL._AC_UY218_.jpg
11003,Mobiles,IQ Mobiles,"iQOO Neo 7 Pro 5G (Fearless Flame, 8GB RAM, 128GB Storage) | Snapdragon® 8+ Gen 1 | Independent Gaming Chip | Flagship 50MP OIS Camera | Premium Leather Design",34999.0,https://www.amazon.in/images/I/51oW-QOqhaL._AC_UY218_.jpg
11004,Mobiles,IQ Mobiles,"iQOO Z7s 5G by vivo (Pacific Night, 8GB RAM, 128GB Storage) | Ultra Bright AMOLED Display | Snapdragon 695 5G 6nm Processor | 64 MP OIS Ultra Stable Camera | 44WFlashCharge",19999.0,https://www.amazon.in/images/I/61JS7lF2aqL._AC_UY218_.jpg
11005,Mobiles,IQ Mobiles,"iQOO Neo 7 5G (Frost Blue, 8GB RAM, 128GB Storage) | Dimensity 8200, only 4nm Processor in The Segment | 50% Charge in 10 mins | Motion Control & 90 FPS Gaming",27999.0,https://www.amazon.in/images/I/71ZeuCAbcSL._AC_UY218_.jpg
11006,Mobiles,IQ Mobiles,"iQOO 11 5G (Legend, 16GB RAM, 256 GB Storage) | Snapdragon ® 8 Gen 2 Mobile Platform| 2K E6 AMOLED Display | V2 Intelligent Display Chip",59999.0,https://www.amazon.in/images/I/616FcX9aiEL._AC_UY218_.jpg
11007,Mobiles,IQ Mobiles,"iQOO 9 Pro 5G (Dark Cruise, 8GB RAM, 256GB Storage) | Snapdragon 8 Gen 1 Mobile Processor | 120W FlashCharge",39990.0,https://www.amazon.in/images/I/51oW-QOqhaL._AC_UY218_.jpg
11008,Earphones,OnePlusBuds,"OnePlus Nord Buds 2r True Wireless in Ear Earbuds with Mic, 12.4mm Drivers, Playback:Upto 38hr case,4-Mic Design, IP55 Rating [Deep Grey]. @INR 1999 with Bank Offer",2199.0,https://www.amazon.in/images/I/61-ZYvldY+L._AC_UY218_.jpg
11009,Earphones,OnePlusBuds,"OnePlus Nord Buds 2 True Wireless in Ear Earbuds with Mic, Upto 25dB ANC 12.4mm Dynamic Titanium Drivers, Playback:Upto 36hr case, 4-Mic Design, IP55 Rating, Fast Charging [Thunder Gray]",2999.0,https://www.amazon.in/images/I/61Jw78HUL8L._AC_UY218_.jpg
11010,Earphones,OnePlusBuds,"OnePlus Nord Buds 2 True Wireless in Ear Earbuds with Mic, Upto 25dB ANC 12.4mm Dynamic Titanium Drivers, Playback:Upto 36hr case, 4-Mic Design, IP55 Rating, Fast Charging [Lightning White]",2999.0,https://www.amazon.in/images/I/51AMqyp+sfL._AC_UY218_.jpg
11011,Earphones,OnePlusBuds,"OnePlus Buds Z2 Bluetooth Truly Wireless in Ear Earbuds with mic, Active Noise Cancellation, 10 Minutes Flash Charge & Upto 38 Hours Battery (Obsidian Black)",4999.0,https://www.amazon.in/images/I/514NPRZ1AQL._AC_UY218_.jpg
11012,Earphones,OnePlusBuds,"OnePlus Nord Buds True Wireless in Ear Earbuds with Mic, 12.4mm Titanium Drivers, Playback:Up to 30hr case, 4-Mic Design + AI Noise Cancellation, IP55 Rating, Fast Charging (Black Slate)",2799.0,https://www.amazon.in/images/I/611BCw7ulaL._AC_UY218_.jpg
11013,Earphones,OnePlusBuds,"OnePlus Nord Buds 2r True Wireless in Ear Earbuds with Mic, 12.4mm Drivers, Playback:Upto 38hr case,4-Mic Design, IP55 Rating [Triple Blue]- @INR 1999 with Bank Offer",2199.0,https://www.amazon.in/images/I/512ch1TdARL._AC_UY218_.jpg
11014,Earphones,OnePlusBuds,"OnePlus Buds Pro 2 Bluetooth Truly Wireless in Ear Earbuds with Spatial Audio Dynamic Head Tracking,co-Created with Dynaudio,Upto 48dB Adaptive Noise Cancellation,Upto 40Hrs Battery[Arbor Green]",11999.0,https://www.amazon.in/images/I/51jJs-kCh6S._AC_UY218_.jpg
11015,Earphones,OnePlusBuds,"OnePlus Buds Pro Bluetooth Truly Wireless in Ear Earbuds with mic, Smart Adaptive Noise Cancellation, 10 Minutes Warp Charge, Upto 38 Hours Battery, Zen Mode, Bluetooth 5.2v (Matte Black)",9990.0,https://www.amazon.in/images/I/419Pe9doxrL._AC_UY218_.jpg
11016,Earphones,OnePlusBuds,"OnePlus Buds Z2 Bluetooth Truly Wireless in Ear Earbuds with mic, Active Noise Cancellation, 10 Minutes Flash Charge & Upto 38 Hours Battery (Pearl White)",4999.0,https://www.amazon.in/images/I/51YiSywGQtL._AC_UY218_.jpg
11017,Earphones,OnePlusBuds,"OnePlus Buds Z2 Bluetooth Truly Wireless in Ear Earbuds with mic, Active Noise Cancellation, 10 Minutes Flash Charge & Upto 38 Hours Battery [Matte Black]",4999.0,https://www.amazon.in/images/I/41shy5i6A7L._AC_UY218_.jpg
11018,Earphones,OnePlusBuds,"OnePlus Nord Buds True Wireless in Ear Earbuds with Mic, 12.4mm Titanium Drivers, Playback:Up to 30hr case, 4-Mic Design + AI Noise Cancellation, IP55 Rating, Fast Charging (White Marble)",3999.0,https://www.amazon.in/images/I/51G-nCt3mKL._AC_UY218_.jpg
11019,Earphones,OnePlusBuds,"OnePlus Buds Pro 2R  Bluetooth Truly Wireless in Ear Earbuds| Up to Rs.1500 Off on Bank Offers | Up-to 45dB Adaptive Noise Cancellation, Dual Drivers, Up-to 40 Hrs Battery [Obsidian Black]",9999.0,https://www.amazon.in/images/I/51eIHcTAdeL._AC_UY218_.jpg
11020,Earphones,OnePlusBuds,"OnePlus Nord Buds True Wireless in Ear Earbuds with Mic, 12.4mm Titanium Drivers, Playback:Up to 30hr case, 4-Mic Design + AI Noise Cancellation, IP55 Rating, Fast Charging (Blue Agate)",2799.0,https://www.amazon.in/images/I/51G-nCt3mKL._AC_UY218_.jpg
11021,Earphones,OnePlusBuds,"OnePlus Buds Pro 2 Bluetooth Truly Wireless in Ear Earbuds with Spatial Audio Dynamic Head Tracking,co-Created with Dynaudio,Upto 48dB Adaptive Noise Cancellation,Upto 40Hrs Battery[Obsidian Black]",11999.0,https://www.amazon.in/images/I/410HxrzQIxL._AC_UY218_.jpg
11022,Earphones,OnePlusBuds,"OnePlus Buds Pro 2R Bluetooth Truly Wireless in Ear Earbuds| Up to Rs.1500 Off on Bank Offers | Up-to 45dB Adaptive Noise Cancellation, Dual Drivers, Up-to 40 Hrs Battery [Misty White]",9999.0,
